Building,Mean,Min,Max,Total
admin_block,17.5,10,25,140
data,14.0,12,16,42
hostel,35.285714285714285,28,42,247
lab,22.714285714285715,18,27,159
